<?xml version="1.0" encoding="UTF-8"?>
<!DOCTYPE coverity SYSTEM "config.dtd">
<coverity>

<metrics>
    <metric>
        <name>time</name>
        <value>311</value>
    </metric>
    <metric>
        <name>args</name>
        <value>C:\cygwin64\home\Jorge Yesid Rios Ort\cov-analysis\bin\cov-build.exe --dir cov-int/</value>
    </metric>
    <metric>
        <name>host</name>
        <value>DESKTOP-R46TCFJ</value>
    </metric>
    <metric>
        <name>short-platform</name>
        <value>win64</value>
    </metric>
    <metric>
        <name>platform</name>
        <value>Windows 10 Professional, 64-bit (build 17134)</value>
    </metric>
    <metric>
        <name>ident</name>
        <value>2017.07 (build c7e331b562 p-milo-push-30112.651)</value>
    </metric>
    <metric>
        <name>user</name>
        <value>Jorge Yesid Rios Ort</value>
    </metric>
    <metric>
        <name>cwd</name>
        <value>C:\cygwin64\home\Jorge Yesid Rios Ort\pruebas\coverity\Joyero\GPS_CLI_Leds</value>
    </metric>
    <metric>
        <name>config</name>
        <value>C:\cygwin64\home\Jorge Yesid Rios Ort\cov-analysis\config\coverity_config.xml</value>
    </metric>
    <metric>
        <name>intermediatedir</name>
        <value>C:\cygwin64\home\Jorge Yesid Rios Ort\pruebas\coverity\Joyero\GPS_CLI_Leds\cov-int</value>
    </metric>
    <metric>
        <name>outputdir</name>
        <value>C:\cygwin64\home\Jorge Yesid Rios Ort\pruebas\coverity\Joyero\GPS_CLI_Leds\cov-int\output</value>
    </metric>
    <metric>
        <name>emitdir</name>
        <value>C:\cygwin64\home\Jorge Yesid Rios Ort\pruebas\coverity\Joyero\GPS_CLI_Leds\cov-int\emit</value>
    </metric>
    <metric>
        <name>force</name>
        <value>no</value>
    </metric>
    <metric>
        <name>cygwin</name>
        <value>no</value>
    </metric>
    <metric>
        <name>failures</name>
        <value>0</value>
    </metric>
    <metric>
        <name>successes</name>
        <value>35</value>
    </metric>
    <metric>
        <name>recoverable-errors</name>
        <value>34</value>
    </metric>
    <metric>
        <name>cs-webapps-detected</name>
        <value>0</value>
    </metric>
    <metric>
        <name>cs-webapp-successes</name>
        <value>0</value>
    </metric>
    <metric>
        <name>cs-webapp-compilation-secs</name>
        <value>0</value>
    </metric>
    <metric>
        <name>buildcmd</name>
        <value>make.exe -j 4</value>
    </metric>
</metrics>
</coverity>
