<?xml version="1.0" encoding="UTF-8"?>
<!DOCTYPE coverity SYSTEM "coverity_config.dtd">
<coverity>
<!-- THIS FILE IS AUTOMATICALLY GENERATED - YOU MAY ADD XML ENTITIES -->
<!-- TO UPDATE THE COMPILER CONFIGURATION AFTER THE begin_command_line_config ENTITY. -->

    <cit_version>1</cit_version>
    <config>
      <build>
        <compiler>
          <comp_name>arm-none-eabi-gcc</comp_name>
          <comp_dir>c:\cygwin64\home\jorge yesid rios ort\gcc-arm-none-eabi-8-2018-q4\bin</comp_dir>
          <comp_translator>g++cc</comp_translator>
          <comp_lang>C/C++</comp_lang>
          <comp_front_end>cov-emit</comp_front_end>
          <comp_desc>GNU C++ Compiler</comp_desc>
          <comp_generic>gnu</comp_generic>
          <comp_require>-mcpu=cortex-m0 -mthumb -specs=nano.specs</comp_require>
          <id>g++cc-arm-none-eabi-gcc-7.3.1-dffcb5fdc384cc6656bcb65a327718ab-0</id>
          <version>7.3.1</version>
          <is_compiler>true</is_compiler>
          <is_linker>true</is_linker>
          <target_platform>all</target_platform>
        </compiler>
        <options>
          <id>g++cc-arm-none-eabi-gcc-7.3.1-dffcb5fdc384cc6656bcb65a327718ab-0</id>
          <instrument_predicates>
            <remove_regex>(^|\s)\-Werror(=\S*)?(\s|$)</remove_regex>
            <if>
              <conditions>
                <or_cond>
                  <cond>
                    <contains_regex>(^|\s)[^-]</contains_regex>
                  </cond>
                  <cond>
                    <contains_regex>(^|\s)\-l</contains_regex>
                  </cond>
                </or_cond>
              </conditions>
              <then>
                <insert>
                  <insertion_string>-L[[:cov_lib_path:]] -Wl,-rpath=[[:cov_lib_deployment_path:]] [[:cov_lib_gcc:]] -I[[:cov_lib_header_path:]]</insertion_string>
                  <precedes_regex>nothing</precedes_regex>
                </insert>
              </then>
            </if>
          </instrument_predicates>
          <instrument_variable>
            <var_name>cov_instrument_config_version</var_name>
            <cond_platform_value>
              <platform_name>all</platform_name>
              <var_value>3</var_value>
            </cond_platform_value>
          </instrument_variable>
          <instrument_variable>
            <var_name>cov_lib_deployment_path</var_name>
            <cond_platform_value>
              <platform_name>all</platform_name>
              <var_value>C:\cygwin64\home\Jorge Yesid Rios Ort\cov-analysis\lib</var_value>
            </cond_platform_value>
          </instrument_variable>
          <instrument_variable>
            <var_name>cov_lib_gcc</var_name>
            <cond_platform_value>
              <platform_name>all</platform_name>
              <var_value>-lci-runtime -Wl,--no-as-needed -pthread -lpthread -lrt -lc</var_value>
            </cond_platform_value>
            <cond_platform_value>
              <platform_name>mingw</platform_name>
              <var_value>-lci-runtime-x86</var_value>
            </cond_platform_value>
            <cond_platform_value>
              <platform_name>mingw64</platform_name>
              <var_value>-lci-runtime-x64</var_value>
            </cond_platform_value>
          </instrument_variable>
          <instrument_variable>
            <var_name>cov_lib_header_path</var_name>
            <cond_platform_value>
              <platform_name>all</platform_name>
              <var_value>C:\cygwin64\home\Jorge Yesid Rios Ort\cov-analysis\sdk\runtime\ta-runtime</var_value>
            </cond_platform_value>
          </instrument_variable>
          <instrument_variable>
            <var_name>cov_lib_path</var_name>
            <cond_platform_value>
              <platform_name>all</platform_name>
              <var_value>C:\cygwin64\home\Jorge Yesid Rios Ort\cov-analysis\lib</var_value>
            </cond_platform_value>
          </instrument_variable>
          <template_config_option_id>g++cc-arm-none-eabi-gcc-.*</template_config_option_id>
          <sysinclude_dir>c:/cygwin64/home/jorge yesid rios ort/gcc-arm-none-eabi-8-2018-q4/arm-none-eabi/include/newlib-nano</sysinclude_dir>
          <sysinclude_dir>c:/cygwin64/home/jorge yesid rios ort/gcc-arm-none-eabi-8-2018-q4/lib/gcc/arm-none-eabi/7.3.1/include</sysinclude_dir>
          <sysinclude_dir>c:/cygwin64/home/jorge yesid rios ort/gcc-arm-none-eabi-8-2018-q4/lib/gcc/arm-none-eabi/7.3.1/include-fixed</sysinclude_dir>
          <sysinclude_dir>c:/cygwin64/home/jorge yesid rios ort/gcc-arm-none-eabi-8-2018-q4/arm-none-eabi/include</sysinclude_dir>
          <dryrun_switch>-xc</dryrun_switch>
          <dryrun_switch>-E</dryrun_switch>
          <dryrun_switch>-v</dryrun_switch>
          <dump_macros_arg>-xc</dump_macros_arg>
          <dump_macros_arg>-dM</dump_macros_arg>
          <dump_macros_arg>-E</dump_macros_arg>
          <preprocess_remove_arg>-o.+</preprocess_remove_arg>
          <preprocess_remove_arg>-c</preprocess_remove_arg>
          <preprocess_remove_arg>-Werror</preprocess_remove_arg>
          <preprocess_remove_next_arg>-o</preprocess_remove_next_arg>
          <preprocess_switch>-E</preprocess_switch>
          <preprocess_switch>-U__BLOCKS__</preprocess_switch>
          <preprocess_switch>-xc</preprocess_switch>
          <preprocess_compile_switch>-C</preprocess_compile_switch>
          <supports_pch>true</supports_pch>
          <native_pch_suffix>.gch</native_pch_suffix>
          <preprocess_output>-</preprocess_output>
          <sysroot_dir>c:\cygwin64\home\jorge yesid rios ort\gcc-arm-none-eabi-8-2018-q4\bin\../arm-none-eabi</sysroot_dir>
          <dryrun_output>2</dryrun_output>
          <pre_preinclude_file>$CONFIGDIR$\coverity-macro-compat.h</pre_preinclude_file>
          <pre_preinclude_file>$CONFIGDIR$\coverity-compiler-compat.h</pre_preinclude_file>
          <prepend_arg>--add_type_modifier=__coverity___fpreg</prepend_arg>
          <prepend_arg>--add_type_modifier=__coverity_decimal</prepend_arg>
          <prepend_arg>--no_predefined_feature_test_macros</prepend_arg>
          <prepend_arg>--no_stdarg_builtin</prepend_arg>
          <prepend_arg>--incompat_proto</prepend_arg>
          <prepend_arg>--no_predefined_cplusplus</prepend_arg>
          <prepend_arg>-w</prepend_arg>
          <prepend_arg>--no_predefines</prepend_arg>
          <prepend_arg>--comp_ver</prepend_arg>
          <prepend_arg>7.3.1</prepend_arg>
          <prepend_arg>--size_t_type=j</prepend_arg>
          <prepend_arg>--ptrdiff_t_type=i</prepend_arg>
          <prepend_arg>--type_sizes=x8li4s2ed8fP4</prepend_arg>
          <prepend_arg>--type_alignments=x8li4s2ed8fP4</prepend_arg>
          <prepend_arg>--char_bit_size=8</prepend_arg>
          <prepend_arg>--restrict</prepend_arg>
          <prepend_arg>--gnu_carriage_return_line_terminator</prepend_arg>
          <prepend_arg>--wchar_t_type=j</prepend_arg>
          <prepend_arg>--no_multiline_string</prepend_arg>
          <prepend_arg>--no_trigraphs</prepend_arg>
          <prepend_arg>--ignore_calling_convention</prepend_arg>
          <prepend_arg>--c11</prepend_arg>
          <prepend_arg>--no_enable_80bit_float</prepend_arg>
          <prepend_arg>--no_enable_128bit_float</prepend_arg>
          <prepend_arg>--allow__bool</prepend_arg>
          <prepend_arg>--macro_stack_pragmas</prepend_arg>
          <prepend_arg>--inline_keyword</prepend_arg>
          <prepend_arg>--no_predefines</prepend_arg>
          <skip_arg>-###</skip_arg>
          <skip_arg>-E</skip_arg>
          <skip_arg>-fsyntax-only</skip_arg>
          <skip_arg>-M</skip_arg>
          <skip_arg>-MM</skip_arg>
          <skip_arg>-wrapper</skip_arg>
          <skip_arg>--version</skip_arg>
          <skip_file>conftest\.c{1,2}$</skip_file>
          <skip_file>conftest\.cpp$</skip_file>
          <opt_preinclude_file>$CONFIGDIR$/../user_nodefs.h</opt_preinclude_file>
          <pre_trans>
            <options>
              <pre_prepend_arg>-coverity_cxx_suffixes=c;i</pre_prepend_arg>
              <pre_prepend_arg>-coverity_cxx_header_suffixes=h</pre_prepend_arg>
            </options>
          </pre_trans>
          <expand>
            <options>
              <replace_arg_regex>
                <replace>@(.*)</replace>
                <with>--coverity_resp_file=$1</with>
              </replace_arg_regex>
            </options>
          </expand>
          <pre_trans>
            <options>
              <intern_trans>gnu_pre_translate</intern_trans>
            </options>
          </pre_trans>
          <trans>
            <options>
              <includes_from_env_var>CPATH</includes_from_env_var>
              <includes_from_env_var_empty_is_cwd>true</includes_from_env_var_empty_is_cwd>
            </options>
          </trans>
          <trans>
            <options>
              <includes_from_env_var>C_INCLUDE_PATH</includes_from_env_var>
              <pre_prepend_arg>--c</pre_prepend_arg>
            </options>
          </trans>
          <begin_command_line_config></begin_command_line_config>
        </options>
      </build>
    </config>
    <md5>7602e231e4b14debff6e8b1b5fb7327d</md5>
</coverity>

